group,conversions,total_users,conversion_rate
B,583963,7575349,0.07708727347083283
A,587907,7587288,0.07748578938877765
